City_ID,City,Lat,Lng,Max Temp,Humidity,Cloudiness,Wind Speed,Country,Date
0,gulu,2.7746,32.299,64.18,62,15,3.2,UG,1669944618
1,albany,42.6001,-73.9662,35.64,63,97,1.01,US,1669944474
2,bengkulu,-3.8004,102.2655,79.11,80,100,4.03,ID,1669944619
3,mokhsogollokh,61.4681,128.9203,-19.25,94,100,3.24,RU,1669944619
4,busselton,-33.65,115.3333,67.57,54,0,2.21,AU,1669944322
5,slave lake,55.2834,-114.769,-14.82,84,0,2.3,CA,1669944620
6,skelleftea,64.7507,20.9528,28.76,100,100,6.91,SE,1669944622
7,saint anthony,45.0205,-93.218,32.05,65,0,16.11,US,1669944623
8,hermanus,-34.4187,19.2345,61.81,83,97,12.88,ZA,1669944624
9,itoman,26.1247,127.6694,66.22,80,75,20.71,JP,1669944624
10,mataura,-46.1927,168.8643,50.49,61,95,9.01,NZ,1669944625
11,lincoln,40.8,-96.667,44.29,52,0,13.8,US,1669944368
12,nome,64.5011,-165.4064,23.16,93,100,12.66,US,1669944522
13,hithadhoo,-0.6,73.0833,80.96,67,5,6.42,MV,1669944488
14,severo-kurilsk,50.6789,156.125,28.44,85,95,11.16,RU,1669944626
15,punta arenas,-53.15,-70.9167,51.91,66,40,28.77,CL,1669944412
16,east london,-33.0153,27.9116,70.39,93,100,9.91,ZA,1669944587
17,ponta delgada,37.7333,-25.6667,57.92,72,40,16.11,PT,1669944627
18,makakilo city,21.3469,-158.0858,79.12,57,75,12.66,US,1669944627
19,outjo,-20.1167,16.15,74.73,36,62,2.13,,1669944628
20,bandarbeyla,9.4942,50.8122,77.49,77,71,15.57,SO,1669944628
21,rikitea,-23.1203,-134.9692,75.06,76,30,10.76,PF,1669944629
22,norman wells,65.282,-126.8329,6.84,78,100,10.36,CA,1669944488
23,butaritari,3.0707,172.7902,81.73,75,10,19.53,KI,1669944528
24,sao jose da coroa grande,-8.8978,-35.1478,77.65,80,95,10.56,BR,1669944630
25,port elizabeth,-33.918,25.5701,64.31,95,0,9.22,ZA,1669944631
26,vila velha,-20.3297,-40.2925,75.15,98,100,6.91,BR,1669944500
27,teguldet,57.3064,88.1667,-13.86,100,86,2.37,RU,1669944631
28,kargasok,59.0556,80.8572,-9.4,98,23,7.29,RU,1669944632
29,lebu,-37.6167,-73.65,53.64,79,0,17.81,CL,1669944414
30,cherskiy,68.75,161.3,-23.62,100,51,3.78,RU,1669944601
31,batticaloa,7.7102,81.6924,78.64,82,96,1.16,LK,1669944633
32,geraldton,-28.7667,114.6,73.81,53,40,12.66,AU,1669944633
33,sterling,39.0062,-77.4286,40.23,50,0,3.44,US,1669944521
34,langenlois,48.4904,15.6521,32.85,88,85,3.96,AT,1669944635
35,cape town,-33.9258,18.4232,64.89,85,75,5.01,ZA,1669944348
36,tasiilaq,65.6145,-37.6368,33.96,70,10,5.46,GL,1669944635
37,saint-philippe,-21.3585,55.7679,72.99,80,7,3.6,RE,1669944636
38,axim,4.8699,-2.2405,78.12,86,100,6.11,GH,1669944637
39,karratha,-20.7377,116.8463,93.24,30,10,13.06,AU,1669944637
40,talnakh,69.4865,88.3972,-0.15,99,100,4.94,RU,1669944638
41,yerbogachen,61.2767,108.0108,-13.29,92,100,7.56,RU,1669944638
42,takhtamygda,54.1,123.5667,-19.5,86,40,1.05,RU,1669944638
43,avarua,-21.2078,-159.775,80.65,83,75,9.22,CK,1669944639
44,hobart,-42.8794,147.3294,71.06,53,75,5.75,AU,1669944639
45,zhuji,29.7188,120.2423,33.85,98,100,0.45,CN,1669944640
46,chagoda,59.164,35.3285,8.44,93,76,2.82,RU,1669944640
47,santa clara,22.4,-79.9667,74.86,88,40,6.91,CU,1669944175
48,sitka,57.0531,-135.33,30.09,69,100,4.61,US,1669944641
49,pochutla,15.7432,-96.4661,80.42,78,88,3.83,MX,1669944641
50,tshikapa,-6.4167,20.8,68.31,98,100,1.83,CD,1669944642
51,ushuaia,-54.8,-68.3,53.26,54,75,16.11,AR,1669944495
52,vaitape,-16.5167,-151.75,81.05,77,13,17.31,PF,1669944643
53,port alfred,-33.5906,26.891,66.18,88,83,7.0,ZA,1669944512
54,yellowknife,62.456,-114.3525,-23.28,76,20,5.75,CA,1669944458
55,yuxia,34.0615,108.6291,27.21,43,100,3.8,CN,1669944644
56,guarapari,-20.6667,-40.4975,73.89,94,100,11.92,BR,1669944644
57,hilo,19.7297,-155.09,83.28,82,40,8.05,US,1669944645
58,thompson,55.7435,-97.8558,-25.44,75,20,2.3,CA,1669944360
59,mehran,33.1222,46.1646,61.92,68,0,9.89,IR,1669944645
60,trapani,37.8333,12.6667,53.28,87,20,8.05,IT,1669944646
61,ludwigslust,53.3167,11.5,33.21,91,100,5.73,DE,1669944646
62,saldanha,-33.0117,17.9442,64.45,86,22,10.74,ZA,1669944647
63,katsuura,35.1333,140.3,51.82,63,100,13.15,JP,1669944648
64,dossor,47.5272,52.9811,23.95,48,0,6.69,KZ,1669944648
65,tuatapere,-46.1333,167.6833,53.22,55,67,13.33,NZ,1669944516
66,kyzyl-suu,42.3414,78.0056,26.55,70,100,5.99,KG,1669944649
67,qaanaaq,77.484,-69.3632,-24.77,73,0,8.1,GL,1669944650
68,beya,53.0533,90.9139,-2.97,97,100,0.43,RU,1669944650
69,tefe,-3.3542,-64.7114,75.29,95,96,3.33,BR,1669944651
70,hobyo,5.3505,48.5268,79.2,80,46,15.59,SO,1669944651
71,vaini,-21.2,-175.2,86.16,74,75,6.91,TO,1669944652
72,hambantota,6.1241,81.1185,77.34,100,40,2.3,LK,1669944652
73,kaitangata,-46.2817,169.8464,50.41,73,98,13.13,NZ,1669944653
74,the valley,18.217,-63.0578,80.1,73,50,18.01,AI,1669944577
75,saskylakh,71.9167,114.0833,-14.75,100,100,2.8,RU,1669944653
76,ilulissat,69.2167,-51.1,-7.37,75,11,9.06,GL,1669944654
77,kurbnesh,41.7797,20.0836,42.31,86,100,3.87,AL,1669944654
78,bluff,-46.6,168.3333,50.81,55,66,16.53,NZ,1669944655
79,vredendal,-31.6683,18.5012,61.84,89,74,11.63,ZA,1669944529
80,kapaa,22.0752,-159.319,79.12,58,75,17.27,US,1669944656
81,toyooka,35.5333,134.8333,42.85,81,75,9.22,JP,1669944656
82,ust-omchug,61.15,149.6333,-6.29,98,100,1.9,RU,1669944656
83,dunedin,-45.8742,170.5036,50.81,72,100,11.99,NZ,1669944657
84,washington,47.5001,-120.5015,25.18,76,16,2.37,US,1669944426
85,balkhash,46.844,74.9804,7.41,85,20,11.18,KZ,1669944658
86,upernavik,72.7868,-56.1549,-3.41,100,30,17.29,GL,1669944659
87,gouyave,12.1646,-61.7296,77.77,83,20,13.8,GD,1669944659
88,provideniya,64.3833,-173.3,35.71,93,100,13.42,RU,1669944660
89,new braunfels,29.703,-98.1245,52.92,81,100,4.61,US,1669944450
90,bambous virieux,-20.3428,57.7575,73.22,88,75,3.44,MU,1669944660
91,jamestown,42.097,-79.2353,31.59,80,100,8.05,US,1669944197
92,fershampenuaz,53.5202,59.8117,0.36,92,100,10.13,RU,1669944661
93,kodiak,57.79,-152.4072,36.91,52,0,10.36,US,1669944372
94,margate,51.3813,1.3862,46.31,90,100,1.99,GB,1669944662
95,carnarvon,-24.8667,113.6333,75.02,62,3,11.48,AU,1669944662
96,gelemso,8.8167,40.5167,55.42,35,6,2.51,ET,1669944663
97,mangrol,21.1167,70.1167,71.31,57,0,7.74,IN,1669944663
98,krasnoselkup,65.7,82.4667,-6.36,95,100,9.73,RU,1669944664
99,sal rei,16.1833,-22.9167,73.02,66,35,14.94,CV,1669944455
100,atuona,-9.8,-139.0333,78.13,69,1,18.88,PF,1669944665
101,sambava,-14.2667,50.1667,72.91,91,37,5.17,MG,1669944665
102,steinbach,50.1667,8.5667,38.79,81,75,11.5,DE,1669944665
103,sisimiut,66.9395,-53.6735,9.57,76,100,16.69,GL,1669944666
104,san patricio,28.017,-97.5169,64.26,87,100,12.8,US,1669944666
105,bartlesville,36.7473,-95.9808,50.11,34,100,12.66,US,1669944667
106,chokurdakh,70.6333,147.9167,-1.64,97,100,10.67,RU,1669944379
107,broken hill,-31.95,141.4333,79.92,26,0,7.96,AU,1669944668
108,severodvinsk,64.5635,39.8302,17.71,91,100,4.41,RU,1669944668
109,pangnirtung,66.1451,-65.7125,3.16,79,100,10.76,CA,1669944669
110,flinders,-34.5833,150.8552,69.19,71,80,5.99,AU,1669944669
111,husavik,66.0449,-17.3389,35.96,86,72,13.42,IS,1669944670
112,puerto ayora,-0.7393,-90.3518,68.56,92,87,5.99,EC,1669944671
113,paducah,37.0834,-88.6001,37.62,59,0,3.44,US,1669944434
114,privolzhye,52.8649,48.6044,15.04,95,57,5.46,RU,1669944671
115,asosa,10.0667,34.5333,66.67,36,23,7.09,ET,1669944672
116,charleville-mezieres,49.7667,4.7167,39.78,79,100,8.1,FR,1669944672
117,sinnamary,5.3833,-52.95,77.36,86,86,9.31,GF,1669944673
118,yinchuan,38.4681,106.2731,24.82,24,6,3.11,CN,1669944673
119,tukrah,32.5341,20.5791,59.2,67,5,8.37,LY,1669944674
120,mudu,31.252,120.5118,41.13,50,98,2.66,CN,1669944674
121,ribeira grande,38.5167,-28.7,55.78,55,1,5.99,PT,1669944675
122,khatanga,71.9667,102.5,10.9,95,99,12.03,RU,1669944523
123,iqaluit,63.7506,-68.5145,10.13,84,100,19.57,CA,1669944576
124,minna,9.6139,6.5569,74.91,50,0,3.44,NG,1669944676
125,point pedro,9.8167,80.2333,80.28,78,27,8.68,LK,1669944677
126,beira,-19.8436,34.8389,71.69,94,0,4.61,MZ,1669944514
127,barrow,71.2906,-156.7887,21.22,93,100,12.66,US,1669944499
128,cabinda,-5.55,12.2,77.38,91,100,7.52,AO,1669944678
129,khakhea,-24.6895,23.494,75.97,33,0,11.74,BW,1669944679
130,sahbuz,39.4072,45.5739,35.2,82,99,1.77,AZ,1669944679
131,anloga,5.7947,0.8973,80.19,80,81,8.37,GH,1669944679
132,kahului,20.8947,-156.47,80.62,76,40,16.11,US,1669944456
133,cherbourg,49.6386,-1.6147,46.11,76,100,10.36,FR,1669944624
134,victoria,22.2855,114.1577,60.24,74,100,11.99,HK,1669944536
135,longyearbyen,78.2186,15.6401,40.84,70,75,10.36,SJ,1669944681
136,chernyshevskiy,63.0128,112.4714,-15.38,92,100,4.52,RU,1669944681
137,cap malheureux,-19.9842,57.6142,73.47,75,47,8.21,MU,1669944589
138,plettenberg bay,-34.0527,23.3716,61.72,90,7,7.83,ZA,1669944682
139,bilibino,68.0546,166.4372,-0.63,100,92,0.4,RU,1669944683
140,mao,39.8885,4.2658,50.56,81,0,5.75,ES,1669944683
141,correntina,-13.3433,-44.6367,69.57,94,98,1.74,BR,1669944684
142,dikson,73.5069,80.5464,26.01,97,100,14.34,RU,1669944684
143,xiongzhou,25.1167,114.3,38.8,90,100,3.91,CN,1669944685
144,ventspils,57.3894,21.5606,28.33,93,100,4.61,LV,1669944543
145,seoul,37.5683,126.9778,27.97,33,0,2.3,KR,1669944685
146,narsaq,60.9167,-46.05,23.22,75,26,8.46,GL,1669944518
147,peterhead,57.5058,-1.7981,46.8,94,100,22.84,GB,1669944686
148,mount gambier,-37.8333,140.7667,71.19,43,5,5.97,AU,1669944687
149,saint-augustin,51.226,-58.6502,32.2,85,100,17.67,CA,1669944687
150,pokhara,28.2333,83.9833,59.65,41,2,3.04,NP,1669944688
151,nishihara,26.1842,127.7558,65.48,83,100,20.71,JP,1669944688
152,blanquefort,44.9125,-0.6366,44.82,87,100,5.75,FR,1669944689
153,monrovia,6.3005,-10.7969,77.47,85,100,6.15,LR,1669944168
154,jasper,37.2001,-94.3502,48.25,29,100,20.71,US,1669944096
155,mandera,3.9366,41.867,77.67,69,64,11.7,KE,1669944689
156,vao,-22.6667,167.4833,79.23,85,87,21.34,NC,1669944690
157,adilabad,19.6667,78.5333,66.15,67,0,1.68,IN,1669944690
158,aksarka,66.5606,67.7975,-2.67,91,5,11.36,RU,1669944691
159,yulin,22.6333,110.15,46.33,73,100,9.48,CN,1669944691
160,airai,-8.9266,125.4092,72.32,50,61,1.5,TL,1669944526
161,sao filipe,14.8961,-24.4956,73.44,65,99,13.29,CV,1669944692
162,chokwe,-24.5333,32.9833,65.07,93,0,2.64,MZ,1669944692
163,hit,33.6416,42.8251,57.88,70,0,8.55,IQ,1669944693
164,kailua,21.4022,-157.7394,80.58,67,23,4.0,US,1669944693
165,seevetal,53.4,9.9667,33.98,96,100,6.91,DE,1669944694
166,cabo san lucas,22.8909,-109.9124,78.1,78,0,5.75,MX,1669944695
167,akhmim,26.5622,31.745,53.8,42,25,6.87,EG,1669944695
168,davila,18.4726,120.5763,85.98,62,99,14.2,PH,1669944695
169,tuktoyaktuk,69.4541,-133.0374,1.4,85,100,16.11,CA,1669944696
170,tainan,22.9908,120.2133,73.18,68,40,13.8,TW,1669944551
171,champerico,14.3,-91.9167,80.65,77,93,2.86,GT,1669944519
172,valparaiso,-33.0393,-71.6273,58.64,88,0,8.05,CL,1669944697
173,torbay,47.6666,-52.7314,48.38,93,100,33.38,CA,1669944697
174,pocoes,-14.5297,-40.3653,67.05,98,100,8.88,BR,1669944698
175,kjollefjord,70.9457,27.3465,37.45,100,100,6.91,NO,1669944698
176,luderitz,-26.6481,15.1594,62.56,86,0,21.43,,1669944699
177,ust-nera,64.5667,143.2,-20.92,98,100,4.63,RU,1669944699
178,fort nelson,58.8053,-122.7002,-5.66,94,99,2.71,CA,1669944700
179,gloucester,51.8657,-2.2431,37.98,94,15,3.0,GB,1669944684
180,mareeba,-17.0,145.4333,84.43,56,70,1.97,AU,1669944701
181,mailsi,29.8003,72.1758,62.42,24,93,4.32,PK,1669944701
182,puerto del rosario,28.5004,-13.8627,67.75,77,0,9.22,ES,1669944702
183,dongsheng,39.8161,109.9776,19.33,28,96,16.04,CN,1669944702
184,kruisfontein,-34.0033,24.7314,59.88,93,34,7.99,ZA,1669944702
185,havre-saint-pierre,50.2334,-63.5986,33.8,74,100,27.63,CA,1669944703
186,vardo,70.3705,31.1107,33.78,86,100,2.3,NO,1669944490
187,batagay,67.6333,134.6333,-20.83,98,100,3.29,RU,1669944704
188,loanda,-8.8368,13.2343,77.0,88,100,6.91,AO,1669944623
189,pevek,69.7008,170.3133,7.27,94,100,8.99,RU,1669944705
190,waingapu,-9.6567,120.2641,85.08,64,71,5.7,ID,1669944705
191,abha,18.2164,42.5053,48.45,46,0,0.0,SA,1669944706
192,benguela,-12.5763,13.4055,75.67,85,70,5.06,AO,1669944706
193,kavieng,-2.5744,150.7967,83.95,70,83,5.7,PG,1669944707
194,clyde river,70.4692,-68.5914,-12.77,77,100,8.05,CA,1669944553
195,new norfolk,-42.7826,147.0587,70.72,44,23,3.0,AU,1669944707
196,nikolskoye,59.7035,30.7861,14.81,88,95,3.69,RU,1669944708
197,campbell river,50.0163,-125.2446,24.46,93,20,2.3,CA,1669944618
198,yulara,-25.2406,130.9889,89.64,11,3,5.37,AU,1669944708
199,fort-shevchenko,44.5086,50.263,30.99,38,9,11.36,KZ,1669944709
200,meihekou,42.5272,125.6753,15.64,44,5,12.91,CN,1669944709
201,yueyang,29.3333,113.0919,36.01,65,10,3.2,CN,1669944710
202,umea,63.8284,20.2597,28.33,100,100,0.0,SE,1669944710
203,arshan,46.2732,44.22,17.98,73,53,13.42,RU,1669944710
204,fairbanks,64.8378,-147.7164,2.82,84,40,4.61,US,1669944679
205,la rioja,42.25,-2.5,28.18,89,77,2.39,ES,1669944711
206,biak,-0.9131,122.8766,81.48,72,89,1.79,ID,1669944712
207,gizo,-8.103,156.8419,83.14,75,94,4.45,SB,1669944712
208,valdivia,-39.8142,-73.2459,53.69,81,13,0.83,CL,1669944581
209,tommot,58.9564,126.2925,-11.83,92,100,9.93,RU,1669944713
210,ferkessedougou,9.6,-5.2,74.93,72,83,5.21,CI,1669944714
211,derzhavinsk,51.1,66.3167,5.95,80,100,17.2,KZ,1669944714
212,natal,-5.795,-35.2094,79.45,78,40,6.91,BR,1669944715
213,atherton,53.5237,-2.4935,42.04,95,38,1.99,GB,1669944615
214,bandipur,27.9333,84.4167,51.08,66,0,2.06,NP,1669944715
215,bethel,41.3712,-73.414,36.75,61,0,3.44,US,1669944716
216,westport,41.1415,-73.3579,39.74,58,0,5.01,US,1669944628
217,chuy,-33.6971,-53.4616,68.49,98,47,6.33,UY,1669944507
218,kalayaan,14.35,121.5667,77.0,81,100,14.32,PH,1669944717
219,alexandria,31.2156,29.9553,64.47,75,7,3.53,EG,1669944701
220,sao joao da barra,-21.6403,-41.0511,74.64,91,100,18.7,BR,1669944718
221,castro,-24.7911,-50.0119,62.42,90,60,3.27,BR,1669944718
222,henties bay,-22.116,14.2845,59.99,94,33,5.28,,1669944719
223,banda aceh,5.5577,95.3222,77.45,79,100,7.29,ID,1669944493
224,kaniama,-7.5667,24.1833,64.9,98,100,1.45,CD,1669944719
225,esperance,-33.8667,121.9,66.9,74,73,14.76,AU,1669944720
226,governador valadares,-18.8511,-41.9494,72.34,96,100,4.76,BR,1669944720
227,les cayes,18.2,-73.75,77.63,69,0,15.05,HT,1669944721
228,jinsha,32.0898,121.0735,43.0,45,77,6.08,CN,1669944721
229,kloulklubed,7.0419,134.2556,84.7,77,100,13.44,PW,1669944722
230,oranjestad,12.524,-70.027,78.75,84,40,9.22,AW,1669944721
231,ambilobe,-13.2,49.05,73.26,90,34,2.17,MG,1669944618
232,melbu,68.5044,14.8297,35.42,93,100,2.3,NO,1669944723
233,bacolod,10.6667,122.95,84.85,70,99,13.31,PH,1669944723
234,ahuimanu,21.4447,-157.8378,80.31,63,75,12.66,US,1669944724
235,altus,34.6381,-99.334,42.87,62,0,11.5,US,1669944707
236,jinchang,38.4953,102.1739,24.21,41,100,0.34,CN,1669944724
237,numan,9.4667,12.0333,71.85,30,100,1.12,NG,1669944725
238,faanui,-16.4833,-151.75,81.03,76,15,17.43,PF,1669944504
239,namibe,-15.1961,12.1522,68.9,81,99,7.67,AO,1669944726
240,san quintin,30.4833,-115.95,58.19,66,95,9.15,MX,1669944726
241,banjar,-8.19,114.9675,85.82,61,85,4.85,ID,1669944727
242,tiznit,29.5833,-9.5,56.19,88,80,4.14,MA,1669944727
243,mar del plata,-38.0023,-57.5575,60.82,89,75,8.01,AR,1669944450
244,dabhol,17.6,73.1667,70.39,47,4,4.7,IN,1669944728
245,obihiro,42.9172,143.2044,29.61,40,44,13.53,JP,1669944729
246,chifeng,42.2683,118.9636,18.57,22,100,7.05,CN,1669944729
247,lompoc,34.6391,-120.4579,55.54,96,100,11.5,US,1669944730
248,kathu,7.9178,98.3332,85.69,86,99,5.55,TH,1669944730
249,fortuna,40.5982,-124.1573,41.94,93,75,1.01,US,1669944731
250,georgetown,5.4112,100.3354,82.89,79,20,3.44,MY,1669944731
251,shimoda,34.6667,138.95,57.56,68,100,5.77,JP,1669944732
252,conde,-7.2597,-34.9075,78.26,78,20,6.91,BR,1669944732
253,tshela,-4.9833,12.9333,72.66,99,100,1.66,CD,1669944733
254,mabaruma,8.2,-59.7833,72.09,92,12,2.26,GY,1669944733
255,cidreira,-30.1811,-50.2056,71.98,95,100,13.94,BR,1669944560
256,belmonte,-15.8631,-38.8828,75.7,92,100,15.01,BR,1669944734
257,mahebourg,-20.4081,57.7,73.26,88,75,3.44,MU,1669944483
258,meulaboh,4.1363,96.1285,76.57,88,100,3.33,ID,1669944735
259,pangai,-19.8,-174.35,86.11,70,20,4.61,TO,1669944735
260,isangel,-19.55,169.2667,85.46,74,100,13.24,VU,1669944736
261,pisco,-13.7,-76.2167,66.25,82,0,11.5,PE,1669944592
262,bathsheba,13.2167,-59.5167,78.04,91,75,17.27,BB,1669944737
263,novo cruzeiro,-17.4681,-41.8753,67.64,99,100,3.71,BR,1669944737
264,curup,-3.4667,102.5333,76.51,69,100,3.56,ID,1669944737
265,coihaique,-45.5752,-72.0662,51.75,66,75,4.61,CL,1669944738
266,omsukchan,62.5333,155.8,-7.42,99,98,6.73,RU,1669944738
267,tongliao,43.6125,122.2653,17.24,27,56,14.27,CN,1669944739
268,shirokiy,49.758,129.523,-8.72,90,92,8.1,RU,1669944739
269,gushikawa,26.3544,127.8686,65.43,80,100,16.11,JP,1669944740
270,punakha,27.5837,89.8598,59.86,43,0,0.36,BT,1669944740
271,laguna,38.421,-121.4238,49.05,91,0,8.05,US,1669944551
272,mahibadhoo,3.7833,72.9667,79.83,75,92,0.36,MV,1669944741
273,la ronge,55.1001,-105.2842,-10.95,70,0,9.22,CA,1669944742
274,tutoia,-2.7619,-42.2744,79.83,81,48,14.27,BR,1669944742
275,tazmalt,36.3868,4.3989,51.67,60,100,5.03,DZ,1669944743
276,opuwo,-18.0607,13.84,70.14,54,86,3.49,,1669944743
277,sao sebastiao,-23.76,-45.4097,73.27,93,92,4.88,BR,1669944586
278,sakakah,29.9697,40.2064,56.77,63,2,5.82,SA,1669944722
279,kupang,-10.1667,123.5833,88.38,70,20,2.3,ID,1669944636
280,bredasdorp,-34.5322,20.0403,63.34,83,90,9.22,ZA,1669944550
281,souillac,-20.5167,57.5167,71.98,88,75,3.44,MU,1669944745
282,okrika,4.7416,7.0849,75.52,85,100,4.59,NG,1669944746
283,orange,33.7,-117.7675,59.38,65,100,1.01,US,1669944746
284,sarh,9.1429,18.3923,69.71,60,0,2.3,TD,1669944747
285,turayf,31.6725,38.6637,46.65,100,0,4.61,SA,1669944747
286,ericeira,38.9627,-9.4156,54.36,94,3,6.76,PT,1669944747
287,hrodna,53.6884,23.8258,13.15,96,66,4.21,BY,1669944679
288,niquelandia,-14.4739,-48.4597,71.13,89,60,2.95,BR,1669944748
289,nemuro,43.3236,145.575,29.97,43,3,12.37,JP,1669944749
290,constitucion,-35.3333,-72.4167,54.05,77,0,12.03,CL,1669944613
291,topeka,39.0483,-95.678,45.21,50,0,12.66,US,1669944561
292,parkersburg,39.2667,-81.5615,33.58,71,0,1.01,US,1669944750
293,port hedland,-20.3167,118.5667,89.65,58,50,12.66,AU,1669944750
294,grand gaube,-20.0064,57.6608,73.38,75,65,8.39,MU,1669944557
295,port hardy,50.6996,-127.4199,24.98,86,75,4.61,CA,1669944496
296,enshi,30.3,109.4833,38.64,82,87,1.39,CN,1669944751
297,arraial do cabo,-22.9661,-42.0278,75.16,88,75,18.41,BR,1669944751
298,pemangkat,1.1667,108.9667,78.15,87,100,3.8,ID,1669944497
299,qingquan,30.4511,115.2559,36.72,77,18,5.23,CN,1669944752
300,nanortalik,60.1432,-45.2371,22.48,70,31,11.01,GL,1669944753
301,bac lieu,9.285,105.7244,83.14,75,97,18.25,VN,1669944753
302,kabo,7.6994,18.629,75.65,50,100,1.86,CF,1669944753
303,rawah,34.4816,41.9093,61.2,68,92,9.13,IQ,1669944754
304,sao desiderio,-12.3633,-44.9733,69.58,97,100,1.57,BR,1669944755
305,ancud,-41.8697,-73.8203,53.22,78,100,7.92,CL,1669944755
306,chicama,-7.8447,-79.1469,64.94,82,6,5.21,PE,1669944755
307,rocha,-34.4833,-54.3333,67.23,99,100,3.0,UY,1669944756
308,hualmay,-11.0964,-77.6139,67.68,85,1,7.96,PE,1669944556
309,mandiana,10.6333,-8.6833,74.88,36,36,3.31,GN,1669944757
310,maceio,-9.6658,-35.7353,78.24,83,75,6.91,BR,1669944481
311,cabangahan,9.0781,122.9469,83.98,70,51,13.91,PH,1669944757
312,bartica,6.4,-58.6167,71.35,98,100,2.13,GY,1669944758
313,rorvik,64.8621,11.2373,32.11,74,0,5.75,NO,1669944759
314,tuzla,44.5428,18.6694,35.56,100,100,2.3,BA,1669944759
315,dawson creek,55.7666,-120.2362,-25.96,75,0,0.0,CA,1669944760
316,flin flon,54.7682,-101.865,-7.6,96,100,5.88,CA,1669944621
317,sao gabriel da cachoeira,-0.1303,-67.0892,73.65,98,100,2.21,BR,1669944760
318,cabedelo,-6.9811,-34.8339,79.47,78,40,12.15,BR,1669944761
319,verkhnyaya inta,65.9811,60.3094,-4.41,98,10,6.69,RU,1669944581
320,bubaque,11.2833,-15.8333,81.09,65,31,16.28,GW,1669944761
321,thinadhoo,0.5333,72.9333,80.92,70,5,5.75,MV,1669944762
322,codrington,-38.2667,141.9667,65.34,62,11,8.59,AU,1669944763
323,bahraich,27.5833,81.6,60.46,73,19,3.09,IN,1669944763
324,okhotsk,59.3833,143.3,-3.08,97,100,8.25,RU,1669944764
325,burnie,-41.0667,145.9167,61.95,61,53,6.58,AU,1669944736
326,mitsamiouli,-11.3847,43.2844,78.35,71,13,3.71,KM,1669944764
327,half moon bay,37.4636,-122.4286,50.31,88,40,13.8,US,1669944765
328,honningsvag,70.9821,25.9704,37.15,100,100,0.0,NO,1669944765
329,palana,59.1167,159.9667,11.37,81,9,8.86,RU,1669944765
330,maniitsoq,65.4167,-52.9,21.92,48,100,12.53,GL,1669944766
331,mendi,-6.1761,143.6513,67.33,70,100,4.09,PG,1669944766
332,maple creek,49.9168,-109.4848,-1.79,71,100,6.91,CA,1669944767
333,high level,58.5169,-117.136,-23.69,76,0,0.0,CA,1669944621
334,nador,35.174,-2.9287,55.65,88,100,4.61,MA,1669944768
335,byron bay,-28.65,153.6167,71.71,68,50,21.32,AU,1669944768
336,maragogi,-9.0122,-35.2225,77.65,79,94,10.38,BR,1669944769
337,shumskiy,54.8318,99.1328,-0.92,74,100,4.81,RU,1669944769
338,camopi,3.1655,-52.3158,71.29,100,54,2.24,GF,1669944770
339,grootfontein,-19.5667,18.1167,67.57,37,0,3.44,,1669944770
340,bulaevo,54.9056,70.4439,-7.01,97,29,8.14,KZ,1669944771
341,ust-ordynskiy,52.805,104.7508,-5.76,89,100,10.51,RU,1669944771
342,beringovskiy,63.05,179.3167,34.65,99,100,10.49,RU,1669944772
343,panguna,-6.3164,155.4848,77.29,83,100,2.01,PG,1669944588
344,virginia beach,36.8529,-75.978,41.07,67,20,0.0,US,1669944535
345,karabash,55.4808,60.2157,-0.78,98,100,2.06,RU,1669944773
346,aljezur,37.3191,-8.8033,52.03,76,0,5.23,PT,1669944773
347,moose factory,51.2585,-80.6094,12.2,73,0,13.8,CA,1669944774
348,orel,52.9658,36.0803,24.08,81,100,9.91,RU,1669944774
349,cockburn town,21.4612,-71.1419,79.99,68,3,23.22,TC,1669944775
350,namatanai,-3.6667,152.4333,83.97,72,100,6.24,PG,1669944775
351,igarapava,-20.0383,-47.7469,77.92,71,83,4.59,BR,1669944776
352,port macquarie,-31.4333,152.9167,69.39,61,100,15.08,AU,1669944615
353,muborak,39.2553,65.1528,34.88,43,100,9.91,UZ,1669944776
354,berlevag,70.8578,29.0864,33.8,93,75,6.91,NO,1669944777
355,basco,20.4487,121.9702,79.03,80,50,16.44,PH,1669944777
356,andenes,69.3143,16.1194,38.93,100,100,5.75,NO,1669944778
357,jiayuguan,39.8167,98.3,13.35,72,100,2.37,CN,1669944563
358,jimma,7.6667,36.8333,53.44,65,16,1.63,ET,1669944778
359,asau,46.4333,26.4,27.52,96,100,1.74,RO,1669944779
360,manoel urbano,-8.8389,-69.2597,78.13,79,31,3.53,BR,1669944779
361,agirish,61.9247,63.0231,-4.99,98,13,5.61,RU,1669944780
362,sombrio,-29.1139,-49.6167,70.66,97,89,5.01,BR,1669944780
363,riyadh,24.6877,46.7219,59.14,36,0,2.48,SA,1669944601
364,pangkalanbuun,-2.6833,111.6167,82.04,78,47,3.89,ID,1669944781
365,hofn,64.2539,-15.2082,44.73,83,100,8.59,IS,1669944781
366,arrecife,28.963,-13.5477,66.18,82,40,10.36,ES,1669944782
367,honiara,-9.4333,159.95,83.01,80,100,5.17,SB,1669944782
368,tezu,27.9167,96.1667,69.44,35,0,1.32,IN,1669944643
369,marienburg,54.0359,19.0266,35.89,89,100,4.88,PL,1669944783
370,san carlos del zulia,9.0,-71.9135,72.99,89,6,0.27,VE,1669944783
371,aklavik,68.2191,-135.0107,5.74,92,100,7.54,CA,1669944784
372,bowen,-20.0167,148.2333,79.07,56,74,6.35,AU,1669944784
373,portland,45.5234,-122.6762,38.03,89,26,5.01,US,1669944713
374,moses lake,47.1301,-119.2781,20.08,73,0,13.8,US,1669944785
375,tura,25.5198,90.2201,65.91,70,0,1.97,IN,1669944786
376,los llanos de aridane,28.6585,-17.9182,62.35,81,0,5.75,ES,1669944786
377,klaksvik,62.2266,-6.589,50.92,96,100,31.88,FO,1669944786
378,tomatlan,19.9333,-105.25,73.26,90,18,1.95,MX,1669944787
379,adrar,20.5022,-10.0711,66.99,21,1,7.85,MR,1669944514
380,orumiyeh,37.5527,45.0761,42.35,100,100,0.0,IR,1669944788
381,marzuq,14.4,46.4667,59.74,47,0,2.06,YE,1669944788
382,liaocheng,36.4439,115.9647,32.88,24,25,14.79,CN,1669944788
383,khani,41.9563,42.9566,42.37,73,100,5.95,GE,1669944789
384,vostok,46.4856,135.8833,-1.14,80,93,9.31,RU,1669944790
385,praya,14.9215,-23.5087,72.12,69,100,13.89,CV,1669944790
386,abengourou,6.7297,-3.4964,71.22,99,88,1.01,CI,1669944791
387,praia da vitoria,38.7333,-27.0667,55.65,62,20,23.8,PT,1669944791
388,placerville,38.7296,-120.7986,42.06,94,100,3.44,US,1669944792
389,leningradskiy,69.3833,178.4167,28.72,85,100,7.16,RU,1669944793
390,de-kastri,51.4667,140.7833,-1.91,73,1,5.79,RU,1669944793
391,coahuayana,18.7333,-103.6833,76.03,82,38,1.1,MX,1669944628
392,antofagasta,-23.65,-70.4,63.68,79,24,6.13,CL,1669944761
393,ostersund,63.1792,14.6357,30.61,100,100,11.01,SE,1669944794
394,khuzhir,53.1939,107.3397,-1.3,90,89,18.75,RU,1669944794
395,asyut,27.181,31.1837,57.38,46,20,5.1,EG,1669944795
396,pitimbu,-7.4706,-34.8086,79.39,77,98,12.73,BR,1669944795
397,samana,19.2056,-69.3369,74.12,86,5,9.55,DO,1669944796
398,udalguri,26.7667,92.1333,65.44,55,0,3.8,IN,1669944796
399,majene,-3.5403,118.9707,84.69,67,57,2.21,ID,1669944797
400,jinxiang,27.4327,120.6062,48.25,86,100,9.75,CN,1669944797
401,rio gallegos,-51.6226,-69.2181,60.85,51,75,14.97,AR,1669944798
402,merauke,-8.4667,140.3333,83.55,76,100,18.97,ID,1669944798
403,lieto,60.5103,22.4618,30.96,90,100,9.22,FI,1669944640
404,ixtapa,20.7,-105.2,78.03,73,75,0.0,MX,1669944799
405,mankono,8.0586,-6.1897,74.75,80,97,5.14,CI,1669944799
406,arandis,-22.4167,14.9667,66.72,53,62,1.32,,1669944800
407,walvis bay,-22.9575,14.5053,61.75,88,3,9.22,,1669944800
408,marsabit,2.3284,37.9899,65.19,67,100,9.37,KE,1669944800
409,ranong,9.9658,98.6348,76.93,74,28,4.38,TH,1669944801
410,bonavista,48.6499,-53.1147,43.95,88,100,43.49,CA,1669944801
411,yerofey pavlovich,53.9667,121.9667,-14.13,85,84,0.65,RU,1669944802
412,rezh,57.37,61.4043,-4.05,99,80,2.35,RU,1669944802
413,muli,2.9167,73.5667,79.18,79,58,4.72,MV,1669944803
414,guerrero negro,27.9769,-114.0611,59.74,75,23,10.71,MX,1669944803
415,matay,28.419,30.7792,58.1,61,17,7.25,EG,1669944804
416,tucuman,-26.8241,-65.2226,64.4,77,0,6.91,AR,1669944804
417,hojai,26.0,92.8667,65.52,80,0,2.89,IN,1669944805
418,kramat,-8.1311,113.4499,82.56,67,98,4.76,ID,1669944805
419,te anau,-45.4167,167.7167,57.94,38,63,5.64,NZ,1669944805
420,necochea,-38.5473,-58.7368,53.71,87,29,5.91,AR,1669944806
421,naze,28.3667,129.4833,54.52,83,100,20.09,JP,1669944806
422,samarai,-10.6167,150.6667,85.86,68,100,6.96,PG,1669944533
423,coquimbo,-29.9533,-71.3436,58.73,94,20,8.05,CL,1669944807
424,andros town,24.7,-77.7667,78.76,68,100,22.24,BS,1669944808
425,sept-iles,50.2001,-66.3821,30.63,79,75,14.97,CA,1669944720
426,halifax,44.6453,-63.5724,35.6,75,12,13.8,CA,1669944757
427,nouakchott,18.0858,-15.9785,67.93,70,18,12.75,MR,1669944539
428,bulawayo,-20.15,28.5833,56.64,46,66,5.23,ZW,1669944809
429,niigata,37.9022,139.0236,40.95,87,75,20.71,JP,1669944670
430,kindu,-2.95,25.95,64.96,99,100,0.36,CD,1669944809
431,diamantino,-14.4086,-56.4461,71.92,85,100,3.02,BR,1669944810
432,tiksi,71.6872,128.8694,-8.99,94,100,9.48,RU,1669944810
433,acapulco,16.8634,-99.8901,82.22,74,40,6.91,MX,1669944811
434,chimbote,-9.0853,-78.5783,66.4,88,7,6.38,PE,1669944811
435,luau,-10.7073,22.2247,63.01,98,100,4.65,AO,1669944812
436,yakeshi,49.2833,120.7333,-2.65,95,100,12.57,CN,1669944812
437,ponta do sol,32.6667,-17.1,66.0,74,19,7.11,PT,1669944521
438,talara,-4.5772,-81.2719,67.69,89,0,10.11,PE,1669944813
439,ciudad bolivar,8.1222,-63.5497,77.0,67,81,9.31,VE,1669944813
440,ambovombe,-25.1667,46.0833,71.08,88,100,7.09,MG,1669944814
441,mandal,25.45,74.5667,55.83,48,0,3.83,IN,1669944814
442,hasaki,35.7333,140.8333,53.22,58,100,20.2,JP,1669944815
443,dukat,62.55,155.55,-8.45,98,89,6.33,RU,1669944815
444,barcelos,41.5388,-8.6151,50.68,69,1,6.29,PT,1669944792
445,singaparna,-7.3515,108.111,77.63,79,86,4.03,ID,1669944816
446,dzhebariki-khaya,62.2167,135.8,-27.35,97,100,1.28,RU,1669944816
447,campiglia marittima,43.0602,10.6152,47.3,77,44,4.7,IT,1669944817
448,mims,28.6653,-80.8448,73.99,68,0,14.97,US,1669944817
449,beyneu,45.3167,55.2,23.47,31,0,5.32,KZ,1669944818
450,lazaro cardenas,17.9583,-102.2,78.21,80,58,2.82,MX,1669944818
451,tingo maria,-9.2895,-76.0088,71.53,97,100,2.44,PE,1669944819
452,burns lake,54.2331,-125.7533,-0.98,78,100,3.76,CA,1669944621
453,urengoy,65.9667,78.3667,-6.9,95,39,8.39,RU,1669944819
454,isabela,6.7085,121.9711,87.85,69,100,8.79,PH,1669944820
455,darhan,49.4867,105.9228,-4.07,90,99,0.94,MN,1669944820
456,luyang,27.6239,110.0989,33.57,83,94,0.98,CN,1669944821
457,praia,14.9215,-23.5087,72.12,69,100,13.89,CV,1669944790
458,irbil,36.1926,44.0106,48.02,87,37,2.3,IQ,1669944822
459,malente,54.1712,10.5552,34.66,93,93,6.58,DE,1669944822
460,salalah,17.0151,54.0924,71.69,73,0,1.14,OM,1669944649
461,santa rosa,14.3122,121.1114,89.1,68,98,16.93,PH,1669944816
462,port blair,11.6667,92.75,82.44,83,40,4.61,IN,1669944823
463,shahr-e kord,32.3256,50.8644,26.37,86,40,2.3,IR,1669944824
464,mangalia,43.8,28.5833,44.08,90,100,15.9,RO,1669944825
465,zlobin,45.2924,14.6541,34.9,82,75,6.91,HR,1669944825
466,swan river,52.1058,-101.2676,1.29,85,100,10.36,CA,1669944620
467,belaya gora,68.5333,146.4167,-8.81,98,100,11.01,RU,1669944826
468,lake charles,30.2131,-93.2044,53.98,75,0,4.61,US,1669944606
469,saint george,37.1041,-113.5841,54.19,40,100,3.0,US,1669944774
470,sur,22.5667,59.5289,72.32,45,61,5.37,OM,1669944584
471,petropavlovsk-kamchatskiy,53.0452,158.6483,21.79,74,75,4.47,RU,1669944827
472,darlowo,54.421,16.4107,34.03,82,100,5.17,PL,1669944828
473,ayolas,-27.4,-56.9,71.92,82,66,6.17,PY,1669944828
474,russell,32.3502,-85.1999,48.0,75,0,0.0,US,1669944829
475,nyimba,-14.5566,30.8149,65.77,83,8,2.59,ZM,1669944829
476,bossangoa,6.4926,17.4552,74.08,39,99,4.47,CF,1669944829
477,general pico,-35.6566,-63.7568,64.11,35,0,4.63,AR,1669944689
478,brae,60.3964,-1.353,47.66,90,100,25.9,GB,1669944830
479,teahupoo,-17.8333,-149.2667,80.56,79,37,15.52,PF,1669944831
480,san juan,-31.5375,-68.5364,75.97,31,44,3.27,AR,1669944642
481,benjamin aceval,-24.9667,-57.5667,77.59,94,91,2.86,PY,1669944831
482,george town,5.4112,100.3354,82.33,78,20,3.44,MY,1669944390
483,sikasso,10.9167,-7.0,75.27,36,26,1.01,ML,1669944832
484,ketchikan,55.3422,-131.6461,23.47,68,40,3.44,US,1669944832
485,loukhi,66.0764,33.0381,15.8,98,74,2.08,RU,1669944833
486,kuito,-12.3833,16.9333,57.76,94,99,2.42,AO,1669944833
487,bobrovytsya,50.75,31.3833,29.03,52,100,10.42,UA,1669944834
488,port-gentil,-0.7193,8.7815,78.98,83,100,9.51,GA,1669944834
489,buraydah,26.326,43.975,61.25,65,4,8.72,SA,1669944835
490,korla,41.7597,86.1469,20.01,26,100,5.68,CN,1669944835
491,marsh harbour,26.5412,-77.0636,76.42,72,100,24.87,BS,1669944836
492,kiama,-34.6833,150.8667,62.46,81,78,8.72,AU,1669944836
493,havelock,34.8791,-76.9013,51.75,84,0,0.0,US,1669944836
494,makinsk,52.6292,70.4169,-8.39,93,62,9.71,KZ,1669944837
495,moindou,-21.6924,165.677,89.11,59,100,10.74,NC,1669944837
496,batemans bay,-35.7167,150.1833,66.09,61,81,6.78,AU,1669944605
497,los andes,-32.8337,-70.5983,66.0,56,0,1.39,CL,1669944838
498,kirkenes,69.7271,30.0458,28.62,93,100,6.91,NO,1669944838
499,jardim,-21.4803,-56.1381,73.96,74,85,7.2,BR,1669944839
500,khorixas,-20.3667,14.9667,74.48,39,98,8.1,,1669944839
501,catuday,16.2923,119.8062,82.13,65,100,11.32,PH,1669944840
502,zhangye,38.9342,100.4517,19.11,49,63,3.65,CN,1669944840
503,san pawl il-bahar,35.9506,14.4156,52.41,93,0,1.14,MT,1669944841
504,ransang,8.9603,117.5828,78.87,85,100,7.18,PH,1669944841
505,tazovskiy,67.4667,78.7,-2.0,95,82,11.77,RU,1669944842
506,avera,33.194,-82.5271,38.71,47,91,6.31,US,1669944842
507,port augusta,-32.5,137.7667,85.91,17,0,6.26,AU,1669944843
508,cayenne,4.9333,-52.3333,73.44,100,75,6.91,GF,1669944843
509,hovd,48.0056,91.6419,-2.6,63,100,3.02,MN,1669944844
510,wad rawah,15.1603,33.1397,75.11,29,93,14.67,SD,1669944845
511,nea peramos,38.0076,23.423,56.59,82,20,4.61,GR,1669944845
512,cooma,-36.2333,149.1333,69.62,40,38,4.56,AU,1669944639
513,savannah bight,16.45,-85.85,82.04,74,0,17.87,HN,1669944846
514,vallenar,-28.5708,-70.7581,64.98,67,0,3.09,CL,1669944846
515,yopal,5.3378,-72.3959,71.62,91,71,3.27,CO,1669944847
516,touros,-5.1989,-35.4608,78.73,71,8,11.9,BR,1669944847
517,berbera,10.4396,45.0143,77.07,80,0,3.24,SO,1669944848
518,mbini,1.574,9.6134,79.21,83,100,2.66,GQ,1669944848
519,cody,44.5263,-109.0565,39.42,69,0,19.57,US,1669944821
520,mbarara,-0.608,30.65,59.31,92,51,1.99,UG,1669944849
521,ust-tsilma,65.441,52.1498,21.97,96,100,5.97,RU,1669944850
522,moron,-34.6534,-58.6198,69.98,70,100,9.64,AR,1669944850
523,mayumba,-3.432,10.6554,73.96,93,100,8.59,GA,1669944851
524,pemba,-12.974,40.5178,76.87,79,97,6.58,MZ,1669944851
525,tekeli,44.83,78.8239,17.46,77,100,7.18,KZ,1669944852
526,bairiki,1.3292,172.9752,86.0,70,40,13.8,KI,1669944852
527,wagar,16.1525,36.2032,72.48,74,39,6.38,SD,1669944853
528,vila do maio,15.1333,-23.2167,73.78,66,81,15.88,CV,1669944853
529,khorramshahr,30.4397,48.1664,62.56,67,0,6.91,IR,1669944854
530,eydhafushi,5.1033,73.0708,80.04,75,87,1.99,MV,1669944854
531,gornopravdinsk,60.05,69.9,-15.27,94,12,1.12,RU,1669944855
532,dingle,10.9995,122.6711,82.2,81,92,14.79,PH,1669944855
533,tselinnoye,53.0833,85.6667,-9.76,100,23,3.09,RU,1669944856
534,san carlos de bariloche,-41.1456,-71.3082,60.55,25,20,17.27,AR,1669944856
535,aden,12.7794,45.0367,77.99,77,5,10.07,YE,1669944857
536,padang,-0.9492,100.3543,77.05,94,100,2.1,ID,1669944857
537,kirakira,-10.4544,161.9205,84.07,74,100,7.49,SB,1669944857
538,karpathos,35.507,27.2132,64.36,77,8,6.91,GR,1669944858
539,lima,-12.0432,-77.0282,66.45,77,0,11.5,PE,1669944643
540,ojinaga,29.5667,-104.4167,61.57,58,0,0.0,MX,1669944859
541,nyalikungu,-3.1833,33.7833,65.98,78,100,2.89,TZ,1669944859
542,kumluca,36.3703,30.2869,59.14,73,7,6.15,TR,1669944860
543,fare,-16.7,-151.0167,80.85,77,35,17.07,PF,1669944860
544,atasu,48.6814,71.6433,8.94,96,97,7.72,KZ,1669944861
545,qovlar,40.948,45.735,38.21,95,100,3.31,AZ,1669944861
546,pushkino,56.0172,37.8667,8.89,95,100,3.71,RU,1669944862
547,tanggu,39.0211,117.6469,28.36,25,73,11.14,CN,1669944862
548,malangali,-8.5667,34.85,62.08,90,100,3.06,TZ,1669944863
549,srednekolymsk,67.45,153.6833,-28.46,93,24,9.31,RU,1669944863
550,iberia,29.9502,-91.7507,53.98,57,0,6.91,US,1669944864
551,saveh,35.0213,50.3566,45.28,69,30,2.42,IR,1669944864
552,pedernales,18.0384,-71.744,78.19,72,0,4.97,DO,1669944864
553,nyurba,63.2842,118.3319,-8.64,96,100,7.45,RU,1669944865
554,rodrigues alves,-7.738,-72.6509,76.33,82,43,1.88,BR,1669944865
555,murdochville,48.9583,-65.5006,25.68,86,87,17.52,CA,1669944866
556,rosario,-32.9468,-60.6393,73.94,60,0,10.36,AR,1669944867
557,kalaleh,37.3807,55.4916,50.36,95,100,2.48,IR,1669944867
558,fukue,32.6881,128.8419,48.56,57,75,12.66,JP,1669944582
559,mugur-aksy,50.35,90.5,-8.25,45,10,6.2,RU,1669944868
560,uglovskoye,51.3557,80.1942,-11.65,97,32,4.18,RU,1669944868
561,iskateley,67.6803,53.1512,20.84,96,100,7.9,RU,1669944869
